<?xml version="1.0" encoding="UTF-8"?>
<project-private xmlns="http://www.netbeans.org/ns/project-private/1">
    <editor-bookmarks xmlns="http://www.netbeans.org/ns/editor-bookmarks/2" lastBookmarkId="0"/>
    <open-files xmlns="http://www.netbeans.org/ns/projectui-open-files/2">
        <group>
            <file>file:/D:/titip/yas/code/Projects/Java/College/hotel/src/checkin.java</file>
            <file>file:/D:/titip/yas/code/Projects/Java/College/hotel/src/main.java</file>
            <file>file:/D:/titip/yas/code/Projects/Java/College/hotel/src/koneksi.java</file>
            <file>file:/D:/titip/yas/code/Projects/Java/College/hotel/src/frm_navbar.java</file>
            <file>file:/D:/titip/yas/code/Projects/Java/College/hotel/src/kamar.java</file>
            <file>file:/D:/titip/yas/code/Projects/Java/College/hotel/src/checkout.java</file>
            <file>file:/D:/titip/yas/code/Projects/Java/College/hotel/src/dashboard.java</file>
        </group>
    </open-files>
</project-private>
